<?xml version="1.0"?>
<!--
/**
 * Magento Enterprise Edition
 *
 * NOTICE OF LICENSE
 *
 * This source file is subject to the Magento Enterprise Edition End User License Agreement
 * that is bundled with this package in the file LICENSE_EE.txt.
 * It is also available through the world-wide-web at this URL:
 * http://www.magento.com/license/enterprise-edition
 * If you did not receive a copy of the license and are unable to
 * obtain it through the world-wide-web, please send an email
 * to license@magento.com so we can send you a copy immediately.
 *
 * DISCLAIMER
 *
 * Do not edit or add to this file if you wish to upgrade Magento to newer
 * versions in the future. If you wish to customize Magento for your
 * needs please refer to http://www.magento.com for more information.
 *
 * @category    Enterprise
 * @package     Enterprise_Pci
 * @copyright Copyright (c) 2006-2015 X.commerce, Inc. (http://www.magento.com)
 * @license http://www.magento.com/license/enterprise-edition
 */
-->
<config>
    <sections>
        <admin>
            <tab>advanced</tab>
            <groups>
                <security>
                    <fields>
                        <lockout_failures translate="label comment">
                            <sort_order>100</sort_order>
                            <label>Maximum Login Failures to Lockout Account</label>
                            <comment>If empty, this feature will be disabled.</comment>
                            <show_in_default>1</show_in_default>
                        </lockout_failures>
                        <lockout_threshold translate="label">
                            <sort_order>110</sort_order>
                            <label>Lockout Time (minutes)</label>
                            <show_in_default>1</show_in_default>
                        </lockout_threshold>
                        <password_lifetime translate="label comment">
                            <sort_order>120</sort_order>
                            <label>Password Lifetime (days)</label>
                            <comment>If empty, this feature will be disabled.</comment>
                            <show_in_default>1</show_in_default>
                        </password_lifetime>
                        <password_is_forced translate="label">
                            <sort_order>130</sort_order>
                            <label>Password Change</label>
                            <frontend_type>select</frontend_type>
                            <source_model>enterprise_pci/system_config_source_password</source_model>
                            <show_in_default>1</show_in_default>
                        </password_is_forced>
                    </fields>
                </security>
            </groups>
        </admin>
    </sections>
</config>
